{"logging time ": 30.637092113494873, "_timestamp": 1709078807.600811, "_runtime": 36.708317041397095, "_step": 3, "table size ": 0.0369490310549736, "_wandb": {"runtime": 35}}