{"logging time ": 31.210896968841553, "_timestamp": 1709077806.3500109, "_runtime": 34.85465598106384, "_step": 1, "table size ": 0.0184745155274868, "_wandb": {"runtime": 34}}